frequency_Hz,period_s,power_A0,power_A1,power_A2,above_1pct_FAP_A0,above_1pct_FAP_A1,above_1pct_FAP_A2
0.00027778,3600.00,3.109936,0.059161,0.575204,0,0,0
0.00028107,3557.78,3.689043,0.037417,0.577828,0,0,0
0.00028441,3516.06,4.251086,0.084796,0.685148,0,0,0
0.00028778,3474.83,4.775951,0.264546,0.947999,0,0,0
0.00029120,3434.09,5.246889,0.650713,1.369699,0,0,0
0.00029465,3393.82,5.651049,1.192307,1.885516,0,0,0
0.00029815,3354.02,5.979155,1.668200,2.353781,0,0,0
0.00030169,3314.69,6.224619,1.821751,2.615566,0,0,0
0.00030527,3275.82,6.382444,1.651070,2.698177,0,0,0
0.00030889,3237.40,6.448310,1.544948,2.869401,0,0,0
0.00031255,3199.44,6.418173,1.964173,3.324947,0,0,0
0.00031626,3161.92,6.288553,3.013725,4.003415,0,0,0
0.00032002,3124.84,6.057539,4.346156,4.735366,0,0,0
0.00032381,3088.20,5.726268,5.279804,5.241823,0,0,0
0.00032766,3051.99,5.300448,5.303793,5.294590,0,0,0
0.00033154,3016.20,4.791438,4.835892,5.229786,0,0,0
0.00033548,2980.83,4.216603,4.896126,5.628159,0,0,0
0.00033946,2945.87,3.599012,5.929367,6.550614,0,0,0
0.00034349,2911.33,2.966885,7.542964,7.760374,0,0,0
0.00034756,2877.19,2.353183,8.775764,8.856309,0,0,0
0.00035169,2843.45,1.795420,8.696200,9.293017,0,0,0
0.00035586,2810.11,1.335243,7.825281,9.392509,0,0,0
0.00036008,2777.15,1.016798,7.771582,9.966160,0,0,0
0.00036435,2744.59,0.882766,9.192790,11.008243,0,0,1
0.00036868,2712.40,0.967459,11.500293,12.283652,0,1,1
0.00037305,2680.60,1.287811,13.170985,13.299273,0,1,1
0.00037748,2649.16,1.835144,12.989117,13.431608,0,1,1
0.00038196,2618.10,2.571810,12.139110,13.425917,0,1,1
0.00038649,2587.39,3.435720,12.338016,13.861624,0,1,1
0.00039108,2557.05,4.352040,13.673810,14.312911,0,1,1
0.00039572,2527.07,5.247594,15.021717,14.576380,0,1,1
0.00040041,2497.43,6.062410,14.529698,14.023558,0,1,1
0.00040516,2468.15,6.755203,12.696829,13.121787,0,1,1
0.00040997,2439.21,7.302905,12.060046,13.042846,0,1,1
0.00041483,2410.60,7.696497,13.330840,13.421085,0,1,1
0.00041976,2382.33,7.935663,15.289264,13.787211,0,1,1
0.00042474,2354.40,8.023980,15.262766,13.288332,0,1,1
0.00042978,2326.79,7.965439,12.812293,12.153510,0,1,1
0.00043488,2299.50,7.762497,10.448083,11.515759,0,0,1
0.00044004,2272.54,7.415602,9.742228,11.123637,0,0,1
0.00044526,2245.89,6.924136,10.539065,10.720459,0,0,0
0.00045054,2219.55,6.288909,10.787795,9.754158,0,0,0
0.00045589,2193.53,5.516462,10.060401,8.900603,0,0,0
0.00046130,2167.80,4.625292,9.189403,8.626156,0,0,0
0.00046677,2142.38,3.653061,8.602672,8.384448,0,0,0
0.00047231,2117.26,2.661635,8.048390,7.746156,0,0,0
0.00047791,2092.43,1.734482,7.159963,6.773550,0,0,0
0.00048358,2067.90,0.961525,6.733972,6.400038,0,0,0
0.00048932,2043.65,0.413461,6.569509,6.278075,0,0,0
0.00049513,2019.68,0.117804,6.091639,5.812927,0,0,0
0.00050100,1996.00,0.051617,4.859141,4.703596,0,0,0
0.00050695,1972.59,0.154957,3.916987,3.772778,0,0,0
0.00051296,1949.46,0.354823,3.679284,3.254349,0,0,0
0.00051905,1926.60,0.585920,3.577843,2.800821,0,0,0
0.00052521,1904.01,0.801591,2.981797,2.151807,0,0,0
0.00053144,1881.68,0.976070,2.338095,1.636442,0,0,0
0.00053775,1859.61,1.102294,2.000322,1.352663,0,0,0
0.00054413,1837.81,1.188922,1.788762,1.046757,0,0,0
0.00055058,1816.26,1.258430,1.520862,0.659414,0,0,0
0.00055712,1794.96,1.346182,1.446633,0.429179,0,0,0
0.00056373,1773.91,1.498491,1.487303,0.475824,0,0,0
0.00057042,1753.11,1.766455,1.342429,0.643334,0,0,0
0.00057718,1732.55,2.193279,1.022749,0.729922,0,0,0
0.00058403,1712.23,2.796919,0.926828,0.754373,0,0,0
0.00059096,1692.15,3.556047,1.092760,1.041050,0,0,0
0.00059797,1672.31,4.409443,1.174446,1.627408,0,0,0
0.00060507,1652.70,5.271211,1.184427,2.135242,0,0,0
0.00061225,1633.32,6.051575,1.782881,2.496558,0,0,0
0.00061951,1614.17,6.669114,2.830625,2.930289,0,0,0
0.00062687,1595.24,7.050254,3.401607,3.397930,0,0,0
0.00063430,1576.53,7.126102,3.505304,3.898464,0,0,0
0.00064183,1558.05,6.842330,3.871669,4.653706,0,0,0
0.00064945,1539.77,6.190030,4.165721,5.000456,0,0,0
0.00065715,1521.72,5.251059,4.220312,4.947715,0,0,0
0.00066495,1503.87,4.240043,4.503942,5.646887,0,0,0
0.00067284,1486.24,3.511965,4.157276,6.477558,0,0,0
0.00068082,1468.81,3.489278,3.651611,6.463657,0,0,0
0.00068890,1451.59,4.492178,4.262196,6.438508,0,0,0
0.00069708,1434.56,6.561861,4.304105,6.464356,0,0,0
0.00070535,1417.74,9.425879,3.772954,6.554455,0,0,0
0.00071372,1401.12,12.628058,4.745562,7.500762,1,0,0
0.00072218,1384.69,15.694998,5.314138,7.842846,1,0,0
0.00073075,1368.45,18.251074,4.801967,7.381669,1,0,0
0.00073942,1352.40,20.096620,4.926366,8.023447,1,0,0
0.00074820,1336.54,21.226405,4.950194,8.169673,1,0,0
0.00075708,1320.87,21.704042,5.070138,7.311438,1,0,0
0.00076606,1305.38,21.450063,4.209777,7.088556,1,0,0
0.00077515,1290.07,20.163237,3.352821,6.329871,1,0,0
0.00078435,1274.95,17.546936,5.344092,5.177896,1,0,0
0.00079365,1259.99,13.813542,4.976874,4.381540,1,0,0
0.00080307,1245.22,9.992308,4.115568,3.900046,0,0,0
0.00081260,1230.62,7.418982,6.125162,3.706493,0,0,0
0.00082224,1216.19,6.838096,5.655620,3.218212,0,0,0
0.00083200,1201.93,8.100695,5.341997,3.522322,0,0,0
0.00084187,1187.83,10.413623,4.885816,3.315575,0,0,0
0.00085186,1173.90,12.716421,5.145801,3.060581,1,0,0
0.00086197,1160.14,14.168738,5.646010,3.504139,1,0,0
0.00087220,1146.53,14.518793,4.159876,3.090668,1,0,0
0.00088255,1133.09,13.964018,4.669478,3.288394,1,0,0
0.00089302,1119.80,12.762673,3.964954,3.204992,1,0,0
0.00090361,1106.67,11.082013,4.518467,4.150845,1,0,0
0.00091434,1093.69,9.077851,4.170449,4.238696,0,0,0
0.00092518,1080.87,6.931329,6.259651,4.252973,0,0,0
0.00093616,1068.19,4.812191,5.412760,5.325741,0,0,0
0.00094727,1055.66,2.925484,5.886586,5.918189,0,0,0
0.00095851,1043.29,1.573651,6.652663,6.922222,0,0,0
0.00096988,1031.05,1.037676,4.560452,6.944412,0,0,0
0.00098139,1018.96,1.408265,6.131664,7.129437,0,0,0
0.00099304,1007.01,2.614986,3.436815,7.036597,0,0,0
0.00100482,995.20,4.470701,5.035415,6.652806,0,0,0
0.00101674,983.53,6.595214,3.501081,7.005201,0,0,0
0.00102881,972.00,8.494277,3.554830,7.208210,0,0,0
0.00104101,960.60,9.821861,3.731945,7.471066,0,0,0
0.00105337,949.34,10.451552,4.075632,7.741486,0,0,0
0.00106587,938.20,10.312815,3.962288,7.484104,0,0,0
0.00107851,927.20,9.273543,4.696201,6.883781,0,0,0
0.00109131,916.33,7.272043,5.563093,6.412818,0,0,0
0.00110426,905.58,4.724780,5.173765,6.227327,0,0,0
0.00111736,894.97,2.816954,6.229198,6.379208,0,0,0
0.00113062,884.47,2.825944,8.197507,6.206214,0,0,0
0.00114404,874.10,4.831043,10.498492,6.327900,0,0,0
0.00115761,863.85,7.588951,9.601647,6.103699,0,0,0
0.00117135,853.72,9.676017,14.162259,6.800945,0,1,0
0.00118525,843.71,10.432207,13.714494,6.537814,0,1,0
0.00119931,833.81,9.855533,16.308640,6.226743,0,1,0
0.00121354,824.04,8.086224,16.753014,6.576479,0,1,0
0.00122794,814.37,5.430948,15.633675,5.958850,0,1,0
0.00124251,804.82,2.629613,17.267819,7.227561,0,1,0
0.00125725,795.39,0.866534,17.428812,6.442396,0,1,0
0.00127217,786.06,1.031819,17.087187,6.938118,0,1,0
0.00128727,776.84,2.553957,17.788821,6.476523,0,1,0
0.00130254,767.73,4.131798,15.715928,5.674652,0,1,0
0.00131800,758.73,5.006956,15.616840,5.157580,0,1,0
0.00133363,749.83,4.887545,10.877386,4.367162,0,1,0
0.00134946,741.04,3.660593,8.461977,3.376264,0,0,0
0.00136547,732.35,1.652915,7.873934,3.160652,0,0,0
0.00138167,723.76,0.170102,4.383516,2.600715,0,0,0
0.00139807,715.27,0.498967,2.700169,2.833859,0,0,0
0.00141466,706.89,2.438500,3.106064,2.608854,0,0,0
0.00143144,698.60,4.863573,1.369429,2.662596,0,0,0
0.00144843,690.40,6.499350,1.845241,2.927843,0,0,0
0.00146561,682.31,6.521366,2.891407,3.367017,0,0,0
0.00148300,674.31,4.693662,3.268813,4.143672,0,0,0
0.00150060,666.40,2.572553,5.866974,5.349185,0,0,0
0.00151841,658.59,3.815465,8.011456,6.462475,0,0,0
0.00153642,650.86,9.563267,9.538085,8.202680,0,0,0
0.00155465,643.23,16.170422,10.723433,8.223950,1,0,0
0.00157310,635.69,20.319027,11.631544,8.709831,1,1,0
0.00159177,628.23,21.430496,14.353208,9.001635,1,1,0
0.00161065,620.87,18.305110,12.491672,8.867372,1,1,0
0.00162977,613.59,13.033532,12.061771,8.147807,1,1,0
0.00164910,606.39,14.148645,9.579105,7.465184,1,0,0
0.00166867,599.28,23.029232,8.285237,6.218380,1,0,0
0.00168847,592.25,30.037075,5.451544,5.120004,1,0,0
0.00170851,585.31,31.088408,4.161789,2.930844,1,0,0
0.00172878,578.44,27.118793,2.248526,1.945891,1,0,0
0.00174929,571.66,17.657882,1.015227,0.917286,1,0,0
0.00177005,564.96,10.279530,0.726309,0.157926,0,0,0
0.00179105,558.33,11.816088,0.532146,0.095706,1,0,0
0.00181230,551.78,15.465852,1.497651,0.486075,1,0,0
0.00183381,545.31,14.927639,3.615888,1.105943,1,0,0
0.00185557,538.92,10.661590,6.512407,2.231555,0,0,0
0.00187758,532.60,4.264623,7.763489,3.567901,0,0,0
0.00189986,526.35,0.395179,9.009970,4.407342,0,0,0
0.00192241,520.18,1.202842,11.226762,5.338104,0,1,0
0.00194522,514.08,2.201451,12.559375,5.763555,0,1,0
0.00196830,508.05,1.185445,13.456776,5.674310,0,1,0
0.00199165,502.10,0.022089,12.145957,4.865431,0,1,0
0.00201528,496.21,2.557236,9.030200,4.621497,0,0,0
0.00203920,490.39,7.735610,7.713498,3.668531,0,0,0
0.00206339,484.64,10.400284,7.395341,2.067571,0,0,0
0.00208788,478.96,8.305491,5.175935,1.448865,0,0,0
0.00211265,473.34,4.609079,2.688203,0.783451,0,0,0
0.00213772,467.79,7.968457,1.144680,0.186243,0,0,0
0.00216308,462.30,15.177499,0.522259,0.051104,1,0,0
0.00218875,456.88,16.989821,0.073749,0.187675,1,0,0
0.00221472,451.52,12.414906,0.539224,0.445766,1,0,0
0.00224100,446.23,5.496162,0.601722,0.837082,0,0,0
0.00226759,441.00,5.445293,1.021424,1.075323,0,0,0
0.00229450,435.83,9.541530,1.109977,1.249560,0,0,0
0.00232172,430.71,9.303889,1.134460,1.025924,0,0,0
0.00234927,425.66,4.161454,0.780192,0.935170,0,0,0
0.00237715,420.67,0.229487,1.047051,0.718751,0,0,0
0.00240535,415.74,1.909966,0.659421,0.482732,0,0,0
0.00243390,410.86,3.211251,0.319094,0.284903,0,0,0
0.00246278,406.05,1.150580,0.204414,0.300736,0,0,0
0.00249200,401.28,1.448120,0.182595,0.306224,0,0,0
0.00252157,396.58,7.626109,0.119334,0.535632,0,0,0
0.00255149,391.93,11.565811,0.327191,0.900999,1,0,0
0.00258176,387.33,8.567261,0.335278,0.820253,0,0,0
0.00261240,382.79,5.700828,0.309726,0.955135,0,0,0
0.00264339,378.30,12.738075,0.951061,1.114688,1,0,0
0.00267476,373.87,18.160584,1.953599,1.199041,1,0,0
0.00270650,369.48,14.046158,2.545543,1.810945,1,0,0
0.00273861,365.15,6.096904,3.524849,2.122602,0,0,0
0.00277111,360.87,9.472855,4.450788,2.862018,0,0,0
0.00280399,356.63,12.148712,7.183623,3.543544,1,0,0
0.00283726,352.45,5.500260,9.551371,3.722546,0,0,0
0.00287093,348.32,1.905223,9.901468,3.871320,0,0,0
0.00290499,344.24,7.647949,7.995445,4.077119,0,0,0
0.00293946,340.20,7.629569,8.220463,5.114732,0,0,0
0.00297434,336.21,5.209815,10.003802,4.844106,0,0,0
0.00300963,332.27,17.289845,9.234290,4.636461,1,0,0
0.00304534,328.37,25.595849,8.428292,4.984708,1,0,0
0.00308148,324.52,19.277719,6.070630,4.602978,1,0,0
0.00311804,320.71,20.914113,6.364777,4.082379,1,0,0
0.00315504,316.95,31.938822,5.198825,3.004800,1,0,0
0.00319248,313.24,26.123074,7.081338,2.347338,1,0,0
0.00323036,309.56,12.847535,7.291825,1.407518,1,0,0
0.00326869,305.93,13.385846,6.109126,1.069379,1,0,0
0.00330747,302.35,20.658424,5.131511,1.326030,1,0,0
0.00334672,298.80,19.877035,6.862719,1.838738,1,0,0
0.00338643,295.30,12.271408,4.746932,1.609861,1,0,0
0.00342661,291.83,18.620024,3.003973,1.195108,1,0,0
0.00346727,288.41,25.423643,1.101020,1.038406,1,0,0
0.00350841,285.03,13.984952,0.109193,0.619822,1,0,0
0.00355004,281.69,7.466411,0.252921,0.118087,0,0,0
0.00359216,278.38,8.046714,1.362915,0.104599,0,0,0
0.00363479,275.12,0.817203,3.953578,0.473755,0,0,0
0.00367792,271.89,1.930581,6.765069,1.488627,0,0,0
0.00372156,268.70,2.431762,6.344737,2.364583,0,0,0
0.00376572,265.55,5.031331,7.303387,3.378292,0,0,0
0.00381040,262.44,12.782566,5.219393,3.258571,1,0,0
0.00385561,259.36,6.747361,4.369189,2.529651,0,0,0
0.00390136,256.32,6.042239,2.911880,2.460775,0,0,0
0.00394765,253.32,8.148263,0.746818,1.099017,0,0,0
0.00399449,250.34,2.494655,0.482008,0.786406,0,0,0
0.00404189,247.41,0.680127,0.557438,0.729811,0,0,0
0.00408985,244.51,2.465831,1.473211,0.580742,0,0,0
0.00413838,241.64,0.697760,1.931805,0.337331,0,0,0
0.00418748,238.81,0.728865,1.517492,0.078696,0,0,0
0.00423717,236.01,0.659188,0.800870,0.007123,0,0,0
0.00428745,233.24,8.280795,0.491177,0.348850,0,0,0
0.00433832,230.50,17.711582,0.286993,0.818524,1,0,0
0.00438980,227.80,24.094224,0.210475,1.792795,1,0,0
0.00444189,225.13,44.385858,0.520809,2.142196,1,0,0
0.00449459,222.49,27.225715,0.175758,1.943893,1,0,0
0.00454792,219.88,28.307890,0.175829,1.771081,1,0,0
0.00460189,217.30,22.629512,0.575587,0.629086,1,0,0
0.00465649,214.75,11.052429,2.556352,1.206530,1,0,0
0.00471174,212.24,13.392414,4.324550,1.614391,1,0,0
0.00476765,209.75,23.626091,7.455528,2.136367,1,0,0
0.00482422,207.29,29.924854,4.734631,2.646768,1,0,0
0.00488147,204.86,20.889401,4.115136,1.432322,1,0,0
0.00493939,202.45,17.333550,1.195328,1.003272,1,0,0
0.00499800,200.08,3.571598,1.997665,0.139704,0,0,0
0.00505730,197.73,2.671802,1.783643,0.072551,0,0,0
0.00511731,195.42,1.275863,3.134624,0.744566,0,0,0
0.00517803,193.12,0.170990,3.088265,0.545381,0,0,0
0.00523947,190.86,0.613498,3.427573,0.976036,0,0,0
0.00530164,188.62,1.691694,3.862867,0.976177,0,0,0
0.00536455,186.41,2.231865,5.305452,2.005913,0,0,0
0.00542820,184.22,9.141012,7.286419,2.970799,0,0,0
0.00549261,182.06,4.744568,6.757142,3.033937,0,0,0
0.00555778,179.93,3.782621,4.556933,2.200803,0,0,0
0.00562373,177.82,0.647093,1.093900,0.817840,0,0,0
0.00569046,175.73,1.774081,0.400691,0.259825,0,0,0
0.00575798,173.67,10.229018,1.504010,0.561200,0,0,0
0.00582630,171.64,9.174651,2.899548,1.797222,0,0,0
0.00589543,169.62,12.977367,2.174180,0.940129,1,0,0
0.00596539,167.63,10.463225,1.104417,0.328510,0,0,0
0.00603617,165.67,18.659472,0.442235,0.531746,1,0,0
0.00610779,163.73,25.710412,0.297252,1.409433,1,0,0
0.00618027,161.81,28.930021,0.871557,2.865664,1,0,0
0.00625360,159.91,18.372767,0.696588,4.006713,1,0,0
0.00632780,158.03,11.991390,1.006867,4.547908,1,0,0
0.00640289,156.18,5.103127,1.412784,4.659487,0,0,0
0.00647886,154.35,7.759007,0.389670,4.256091,0,0,0
0.00655574,152.54,14.473477,0.236747,3.160761,1,0,0
0.00663352,150.75,13.603740,1.284887,2.026401,1,0,0
0.00671224,148.98,11.858330,0.581779,1.001258,1,0,0
0.00679188,147.23,3.919689,0.350628,0.706933,0,0,0
0.00687247,145.51,0.217509,0.688687,1.532658,0,0,0
0.00695402,143.80,2.072112,1.828895,2.507990,0,0,0
0.00703653,142.12,7.719230,1.086347,1.411872,0,0,0
0.00712002,140.45,10.189492,0.345030,0.049715,0,0,0
0.00720451,138.80,8.985585,1.589027,1.140131,0,0,0
0.00728999,137.17,2.812351,4.015546,4.174716,0,0,0
0.00737649,135.57,0.305488,2.570644,3.047447,0,0,0
0.00746402,133.98,6.296373,0.153073,0.227060,0,0,0
0.00755259,132.40,13.482191,1.893255,1.628866,1,0,0
0.00764220,130.85,11.723330,4.360613,5.350558,1,0,0
0.00773288,129.32,4.844024,3.325611,4.265995,0,0,0
0.00782464,127.80,0.622981,1.589383,1.707581,0,0,0
0.00791748,126.30,0.186171,0.789617,4.719302,0,0,0
0.00801143,124.82,2.003533,1.103322,9.222752,0,0,0
0.00810649,123.36,6.579079,3.195388,9.757239,0,0,0
0.00820268,121.91,6.968347,3.552979,8.234236,0,0,0
0.00830001,120.48,5.364299,2.853193,5.419799,0,0,0
0.00839849,119.07,9.984419,0.076343,4.229516,0,0,0
0.00849815,117.67,12.814027,0.509671,7.003308,1,0,0
0.00859898,116.29,6.239752,0.955139,5.133468,0,0,0
0.00870101,114.93,0.443689,0.928233,2.226384,0,0,0
0.00880426,113.58,2.477989,3.032164,13.100107,0,0,1
0.00890873,112.25,3.528073,2.148056,15.015847,0,0,1
0.00901443,110.93,0.800782,1.062341,0.046149,0,0,0
0.00912140,109.63,0.482158,8.048577,35.522317,0,0,1
0.00922963,108.35,1.063217,18.573436,106.606807,0,1,1
0.00933914,107.08,1.178349,17.684446,98.032493,0,1,1
0.00944996,105.82,1.292523,10.352789,27.133931,0,0,1
0.00956209,104.58,0.896369,2.042310,0.379242,0,0,0
0.00967555,103.35,1.369732,0.058819,3.941753,0,0,0
0.00979035,102.14,0.201235,0.706929,0.078127,0,0,0
0.00990652,100.94,3.969135,3.510476,3.333598,0,0,0
0.01002407,99.76,10.014485,5.428318,2.504242,0,0,0
0.01014301,98.59,6.153558,3.304202,0.779636,0,0,0
0.01026337,97.43,0.993648,0.605097,3.592182,0,0,0
0.01038515,96.29,2.821614,1.811903,2.064299,0,0,0
0.01050837,95.16,3.387328,3.798555,2.699394,0,0,0
0.01063306,94.05,2.777651,1.706277,1.572428,0,0,0
0.01075923,92.94,6.187936,1.582326,4.347371,0,0,0
0.01088690,91.85,17.857327,1.680646,7.205167,1,0,0
0.01101608,90.78,20.442359,0.992205,0.836120,1,0,0
0.01114679,89.71,9.651420,0.068840,2.107610,0,0,0
0.01127905,88.66,0.873645,0.996803,3.430763,0,0,0
0.01141289,87.62,3.006016,0.110587,0.571482,0,0,0
0.01154831,86.59,3.461045,0.971292,0.179135,0,0,0
0.01168534,85.58,0.241378,1.027562,0.065129,0,0,0
0.01182399,84.57,2.827672,0.459190,0.192399,0,0,0
0.01196429,83.58,7.333193,0.639455,0.119783,0,0,0
0.01210625,82.60,4.147195,0.522132,0.818576,0,0,0
0.01224990,81.63,2.165507,1.290343,2.282156,0,0,0
0.01239525,80.68,7.556183,1.519701,2.371462,0,0,0
0.01254233,79.73,5.961354,0.311280,0.864738,0,0,0
0.01269115,78.80,12.072622,2.498116,1.237056,1,0,0
0.01284174,77.87,5.856209,1.109241,0.085516,0,0,0
0.01299412,76.96,2.949576,2.050283,1.515269,0,0,0
0.01314830,76.06,7.119308,2.898891,1.547973,0,0,0
0.01330432,75.16,3.007994,0.791780,0.458406,0,0,0
0.01346218,74.28,0.022048,0.198928,0.001909,0,0,0
0.01362192,73.41,11.308168,2.985826,0.932265,1,0,0
0.01378355,72.55,17.382008,3.913916,0.958663,1,0,0
0.01394710,71.70,6.078755,2.712740,1.237030,0,0,0
0.01411259,70.86,11.082400,0.655759,1.564104,1,0,0
0.01428005,70.03,2.224706,0.166236,0.094384,0,0,0
0.01444949,69.21,1.466216,0.095581,0.322494,0,0,0
0.01462094,68.40,0.869120,0.998365,1.214635,0,0,0
0.01479443,67.59,2.545125,2.808638,1.118335,0,0,0
0.01496997,66.80,2.168115,2.463901,0.307325,0,0,0
0.01514760,66.02,2.994612,0.174262,0.424816,0,0,0
0.01532734,65.24,9.020451,0.764430,0.045434,0,0,0
0.01550921,64.48,13.013694,2.166841,1.430634,1,0,0
0.01569323,63.72,2.607335,3.562635,1.690895,0,0,0
0.01587944,62.97,11.638811,1.518453,0.935643,1,0,0
0.01606786,62.24,2.908901,2.412194,0.534996,0,0,0
0.01625852,61.51,0.585461,1.288588,1.670165,0,0,0
0.01645144,60.78,4.050037,0.984767,0.250939,0,0,0
0.01664664,60.07,0.052843,1.749481,1.314391,0,0,0
0.01684417,59.37,5.852603,1.020251,0.869394,0,0,0
0.01704403,58.67,0.317154,0.389434,0.814897,0,0,0
0.01724627,57.98,0.077886,6.369479,4.457980,0,0,0
0.01745091,57.30,3.648356,4.518149,4.682085,0,0,0
0.01765798,56.63,5.029641,1.853111,1.377798,0,0,0
0.01786750,55.97,2.234491,2.086631,2.166011,0,0,0
0.01807951,55.31,1.634683,9.599100,8.245357,0,0,0
0.01829403,54.66,0.070512,0.219878,0.256776,0,0,0
0.01851111,54.02,0.406521,34.229604,29.510222,0,1,1
0.01873075,53.39,0.944871,9.104931,5.718580,0,0,0
0.01895300,52.76,0.298827,0.565808,0.283215,0,0,0
0.01917789,52.14,1.226310,1.205984,1.505863,0,0,0
0.01940545,51.53,3.111400,0.641604,0.233048,0,0,0
0.01963571,50.93,0.304602,0.900690,0.348680,0,0,0
0.01986870,50.33,0.514474,2.635623,0.606065,0,0,0
0.02010445,49.74,3.756451,4.529133,2.740802,0,0,0
0.02034301,49.16,6.031106,0.987559,0.020041,0,0,0
0.02058439,48.58,0.304371,2.835862,0.879691,0,0,0
0.02082864,48.01,0.889531,0.386059,0.009280,0,0,0
0.02107578,47.45,0.246656,0.161063,0.154906,0,0,0
0.02132586,46.89,1.284433,1.152879,0.194765,0,0,0
0.02157891,46.34,0.671081,0.133324,0.379408,0,0,0
0.02183495,45.80,1.975474,1.438828,0.127981,0,0,0
0.02209404,45.26,3.450558,0.402443,0.233740,0,0,0
0.02235620,44.73,1.603984,0.685899,0.382552,0,0,0
0.02262147,44.21,0.867115,0.095057,0.052337,0,0,0
0.02288989,43.69,2.592731,0.681226,0.174433,0,0,0
0.02316149,43.18,2.369979,0.996499,0.396938,0,0,0
0.02343632,42.67,1.369366,0.140080,0.191582,0,0,0
0.02371440,42.17,1.051505,0.002915,0.075789,0,0,0
0.02399579,41.67,0.746112,0.278038,0.398614,0,0,0
0.02428052,41.19,1.543886,0.002480,0.060893,0,0,0
0.02456862,40.70,2.455163,0.020507,0.030983,0,0,0
0.02486014,40.23,1.595102,0.325174,0.280306,0,0,0
0.02515512,39.75,3.843257,0.519737,0.288212,0,0,0
0.02545361,39.29,0.209352,0.685516,0.349798,0,0,0
0.02575563,38.83,0.663550,0.001541,0.146722,0,0,0
0.02606124,38.37,1.643488,0.397277,0.126437,0,0,0
0.02637047,37.92,0.902380,0.051773,0.050790,0,0,0
0.02668337,37.48,1.228064,1.172005,0.827357,0,0,0
0.02699999,37.04,2.625383,0.071634,0.347519,0,0,0
0.02732036,36.60,1.199907,0.975857,0.991130,0,0,0
0.02764453,36.17,0.120484,0.175435,0.252967,0,0,0
0.02797255,35.75,0.575232,0.161336,0.437327,0,0,0
0.02830447,35.33,0.188134,0.137601,0.062762,0,0,0
0.02864032,34.92,1.646819,0.982264,0.150440,0,0,0
0.02898015,34.51,0.085771,0.040587,0.131489,0,0,0
0.02932402,34.10,1.931554,0.095200,0.562354,0,0,0
0.02967197,33.70,2.536495,0.072873,0.032601,0,0,0
0.03002405,33.31,0.076955,0.074060,0.008208,0,0,0
0.03038030,32.92,0.233944,0.172702,0.004550,0,0,0
0.03074078,32.53,0.208773,0.295487,0.100625,0,0,0
0.03110554,32.15,1.398980,0.143267,0.149837,0,0,0
0.03147463,31.77,1.548488,0.488036,0.163454,0,0,0
0.03184810,31.40,2.376114,0.192909,0.046572,0,0,0
0.03222599,31.03,3.649426,0.474692,0.394564,0,0,0
0.03260838,30.67,0.287622,0.286662,0.200860,0,0,0
0.03299530,30.31,1.385150,0.541110,0.067933,0,0,0
0.03338681,29.95,1.504215,0.170025,0.015270,0,0,0
0.03378296,29.60,0.363217,0.141944,0.067899,0,0,0
0.03418382,29.25,1.902041,0.775401,0.163823,0,0,0
0.03458943,28.91,3.292716,1.640545,0.350833,0,0,0
0.03499986,28.57,0.593715,0.755382,0.127550,0,0,0
0.03541515,28.24,0.865952,0.831840,0.539546,0,0,0
0.03583538,27.91,0.617106,7.146372,6.557544,0,0,0
0.03626059,27.58,2.806972,1.864165,0.595169,0,0,0
0.03669084,27.25,1.836927,5.421888,6.301552,0,0,0
0.03712620,26.94,0.163518,5.339939,4.348333,0,0,0
0.03756673,26.62,0.287613,0.584416,0.213922,0,0,0
0.03801248,26.31,2.194294,0.085827,0.168571,0,0,0
0.03846353,26.00,0.520078,0.042414,0.325413,0,0,0
0.03891992,25.69,8.296933,0.616775,0.074190,0,0,0
0.03938173,25.39,0.636433,0.152574,0.017708,0,0,0
0.03984902,25.09,0.618150,0.400204,0.056023,0,0,0
0.04032185,24.80,0.227853,1.269289,0.148899,0,0,0
0.04080030,24.51,1.793989,1.280856,0.248800,0,0,0
0.04128442,24.22,2.006796,2.242091,0.376455,0,0,0
0.04177429,23.94,1.413619,1.537214,0.173385,0,0,0
0.04226997,23.66,2.829212,0.333655,0.443440,0,0,0
0.04277153,23.38,5.203026,0.052556,0.068742,0,0,0
0.04327904,23.11,2.700744,1.644503,0.127070,0,0,0
0.04379257,22.83,7.410298,0.535347,0.121443,0,0,0
0.04431220,22.57,0.481392,2.292432,0.382561,0,0,0
0.04483799,22.30,0.421640,0.003412,0.186097,0,0,0
0.04537002,22.04,1.962900,2.204608,2.638850,0,0,0
0.04590837,21.78,2.498452,5.136804,6.891803,0,0,0
0.04645310,21.53,0.348725,2.509468,2.264967,0,0,0
0.04700430,21.27,0.766912,0.263395,0.820172,0,0,0
0.04756203,21.03,0.703955,0.681290,0.619958,0,0,0
0.04812639,20.78,8.503607,0.151884,0.437273,0,0,0
0.04869744,20.53,1.422243,0.850146,0.335094,0,0,0
0.04927526,20.29,0.233757,0.446709,0.048825,0,0,0
0.04985995,20.06,7.126434,0.169992,0.398318,0,0,0
0.05045157,19.82,3.528645,0.198989,0.077216,0,0,0
0.05105021,19.59,0.577425,0.187493,0.273725,0,0,0
0.05165595,19.36,1.971220,0.002258,0.651114,0,0,0
0.05226888,19.13,1.057909,0.064632,0.381647,0,0,0
0.05288909,18.91,2.702882,0.515188,0.373456,0,0,0
0.05351665,18.69,0.210630,0.048754,0.183681,0,0,0
0.05415166,18.47,1.536556,0.511983,0.332946,0,0,0
0.05479420,18.25,3.417401,0.302957,0.250281,0,0,0
0.05544437,18.04,0.258334,0.223339,0.069872,0,0,0
0.05610225,17.82,1.772120,0.126002,0.383682,0,0,0
0.05676794,17.62,0.106034,0.540858,0.475723,0,0,0
0.05744153,17.41,5.598507,1.050515,0.017061,0,0,0
0.05812311,17.20,2.360599,0.004807,0.433584,0,0,0
0.05881278,17.00,0.674014,0.152119,0.076136,0,0,0
0.05951063,16.80,0.123580,0.051802,0.069875,0,0,0
0.06021676,16.61,1.094463,0.501422,0.014523,0,0,0
0.06093128,16.41,2.047923,0.338910,0.568297,0,0,0
0.06165426,16.22,0.000272,0.154431,0.005231,0,0,0
0.06238583,16.03,1.845755,0.385845,0.295807,0,0,0
0.06312608,15.84,1.545238,0.958211,0.104454,0,0,0
0.06387511,15.66,0.841784,1.496728,2.604880,0,0,0
0.06463303,15.47,0.248944,1.171815,0.060392,0,0,0
0.06539994,15.29,2.405375,1.983369,0.635972,0,0,0
0.06617596,15.11,1.857542,0.077137,0.100353,0,0,0
0.06696118,14.93,0.786631,0.214413,0.449635,0,0,0
0.06775571,14.76,0.306136,0.204791,0.009610,0,0,0
0.06855968,14.59,2.582581,0.069561,0.049650,0,0,0
0.06937318,14.41,0.877964,0.646819,0.323205,0,0,0
0.07019634,14.25,4.329143,0.712926,0.969677,0,0,0
0.07102927,14.08,0.693823,1.437749,0.088363,0,0,0
0.07187207,13.91,0.168066,1.051187,1.692532,0,0,0
0.07272488,13.75,1.351045,0.336410,1.756027,0,0,0
0.07358781,13.59,2.228809,1.095975,0.824720,0,0,0
0.07446098,13.43,2.828440,0.924048,0.307134,0,0,0
0.07534450,13.27,0.289916,0.069032,0.466738,0,0,0
0.07623852,13.12,0.485358,1.725373,0.813225,0,0,0
0.07714314,12.96,1.815768,1.960088,0.038581,0,0,0
0.07805849,12.81,0.076900,1.111438,0.056195,0,0,0
0.07898470,12.66,0.545885,0.171512,0.631112,0,0,0
0.07992191,12.51,2.574203,0.637354,0.939663,0,0,0
0.08087023,12.37,1.304608,0.386334,0.758848,0,0,0
0.08182981,12.22,0.084884,12.521501,6.643025,0,1,0
0.08280077,12.08,1.085669,0.562187,0.200139,0,0,0
0.08378326,11.94,3.136989,0.852188,0.301378,0,0,0
0.08477740,11.80,2.448378,0.207287,0.111474,0,0,0
0.08578334,11.66,0.490114,0.116533,0.055349,0,0,0
0.08680121,11.52,0.556362,2.021771,0.201823,0,0,0
0.08783116,11.39,3.974793,0.359026,0.644748,0,0,0
0.08887334,11.25,3.845881,1.082093,0.012523,0,0,0
0.08992788,11.12,0.364237,1.342717,0.681256,0,0,0
0.09099493,10.99,0.464321,0.748848,1.451916,0,0,0
0.09207464,10.86,1.170398,0.337483,0.193789,0,0,0
0.09316717,10.73,3.339542,1.033225,0.979432,0,0,0
0.09427266,10.61,1.600498,3.029099,0.161420,0,0,0
0.09539126,10.48,4.364310,0.005845,0.114764,0,0,0
0.09652314,10.36,2.177061,0.528681,0.025205,0,0,0
0.09766845,10.24,0.677036,2.727242,0.432236,0,0,0
0.09882735,10.12,0.549995,0.004472,0.088237,0,0,0
0.10000000,10.00,1.153877,2.382816,0.829629,0,0,0
